{"cameraMode":{"drawMode":0,"name":"Shaded","section":"Shading Mode"},"sceneLighting":false,"audioPlay":false,"sceneViewState":{"showFog":true,"showMaterialUpdate":false,"showSkybox":false,"showFlares":true,"showImageEffects":true,"showParticleSystems":true},"in2DMode":false,"pivot":{"x":1.6337679624557496,"y":-2.541088819503784,"z":3.545119524002075},"rotation":{"x":0.5579004287719727,"y":-0.009956696070730687,"z":0.006697041913866997,"w":0.8298289179801941},"size":10.990547180175782,"orthographic":true}