{"cameraMode":{"drawMode":0,"name":"Shaded","section":"Shading Mode"},"sceneLighting":false,"audioPlay":false,"sceneViewState":{"showFog":true,"showMaterialUpdate":false,"showSkybox":false,"showFlares":true,"showImageEffects":true,"showParticleSystems":true},"in2DMode":false,"pivot":{"x":-4.783004283905029,"y":11.585549354553223,"z":-0.49498292803764346},"rotation":{"x":-0.40984654426574709,"y":-0.5634838342666626,"z":0.3793669641017914,"w":-0.6088758707046509},"size":2.8578836917877199,"orthographic":false}