{"cameraMode":{"drawMode":0,"name":"Shaded","section":"Shading Mode"},"sceneLighting":false,"audioPlay":false,"sceneViewState":{"showFog":true,"showMaterialUpdate":false,"showSkybox":false,"showFlares":true,"showImageEffects":true,"showParticleSystems":true},"in2DMode":false,"pivot":{"x":-1.948598027229309,"y":5.008342742919922,"z":-2.08149790763855},"rotation":{"x":0.4181365370750427,"y":0.33136773109436037,"z":-0.16699105501174928,"w":0.8292499780654907},"size":2.8578836917877199,"orthographic":false}