{"cameraMode":{"drawMode":0,"name":"Shaded","section":"Shading Mode"},"sceneLighting":false,"audioPlay":false,"sceneViewState":{"showFog":true,"showMaterialUpdate":false,"showSkybox":false,"showFlares":true,"showImageEffects":true,"showParticleSystems":true},"in2DMode":false,"pivot":{"x":1.6789851188659669,"y":2.8220529556274416,"z":1.7184356451034547},"rotation":{"x":0.06540582329034805,"y":-0.9037073254585266,"z":0.1490602046251297,"w":0.3961184620857239},"size":7.653514862060547,"orthographic":false}